Game,Team,Cum_WL
1,ARI,1
2,ARI,1
3,ARI,1
4,ARI,1
5,ARI,1
6,ARI,2
7,ARI,2
8,ARI,3
9,ARI,3
10,ARI,3
11,ARI,3
12,ARI,4
13,ARI,5
14,ARI,5
15,ARI,6
16,ARI,6
17,ARI,6
18,ARI,7
19,ARI,8
20,ARI,8
21,ARI,9
22,ARI,10
23,ARI,10
24,ARI,11
25,ARI,12
26,ARI,13
27,ARI,14
28,ARI,14
29,ARI,15
30,ARI,16
31,ARI,17
32,ARI,17
33,ARI,18
34,ARI,18
35,ARI,18
36,ARI,18
37,ARI,18
38,ARI,18
39,ARI,18
40,ARI,19
41,ARI,20
42,ARI,21
43,ARI,21
44,ARI,22
45,ARI,23
46,ARI,23
47,ARI,23
48,ARI,23
49,ARI,23
50,ARI,24
51,ARI,25
52,ARI,25
53,ARI,26
54,ARI,26
55,ARI,26
56,ARI,26
57,ARI,26
58,ARI,27
59,ARI,28
60,ARI,28
61,ARI,28
62,ARI,29
63,ARI,29
64,ARI,29
65,ARI,30
66,ARI,31
67,ARI,31
68,ARI,32
69,ARI,32
70,ARI,32
71,ARI,32
72,ARI,32
73,ARI,32
74,ARI,33
75,ARI,34
76,ARI,34
77,ARI,35
78,ARI,35
79,ARI,35
80,ARI,36
81,ARI,37
82,ARI,37
83,ARI,37
84,ARI,37
85,ARI,38
86,ARI,38
87,ARI,39
88,ARI,39
89,ARI,39
90,ARI,39
91,ARI,39
92,ARI,40
93,ARI,41
94,ARI,42
95,ARI,42
96,ARI,43
97,ARI,44
98,ARI,45
99,ARI,45
100,ARI,45
101,ARI,45
102,ARI,45
103,ARI,46
104,ARI,46
105,ARI,47
106,ARI,47
107,ARI,48
108,ARI,49
109,ARI,50
110,ARI,50
111,ARI,51
112,ARI,51
113,ARI,52
114,ARI,53
115,ARI,53
116,ARI,53
117,ARI,54
118,ARI,55
119,ARI,55
120,ARI,55
121,ARI,55
122,ARI,56
123,ARI,56
124,ARI,57
125,ARI,58
126,ARI,59
127,ARI,60
128,ARI,61
129,ARI,61
130,ARI,62
131,ARI,63
132,ARI,63
133,ARI,64
134,ARI,65
135,ARI,65
136,ARI,65
137,ARI,65
138,ARI,65
139,ARI,66
140,ARI,66
141,ARI,66
142,ARI,67
143,ARI,68
144,ARI,68
145,ARI,68
146,ARI,68
147,ARI,68
148,ARI,68
149,ARI,69
150,ARI,70
151,ARI,70
152,ARI,70
153,ARI,71
154,ARI,71
155,ARI,71
156,ARI,72
157,ARI,72
158,ARI,73
159,ARI,73
160,ARI,73
161,ARI,73
162,ARI,74
1,ATL,0
2,ATL,1
3,ATL,2
4,ATL,2
5,ATL,2
6,ATL,3
7,ATL,3
8,ATL,3
9,ATL,4
10,ATL,5
11,ATL,5
12,ATL,5
13,ATL,6
14,ATL,6
15,ATL,7
16,ATL,7
17,ATL,7
18,ATL,8
19,ATL,8
20,ATL,9
21,ATL,10
22,ATL,10
23,ATL,10
24,ATL,11
25,ATL,11
26,ATL,11
27,ATL,12
28,ATL,12
29,ATL,13
30,ATL,14
31,ATL,14
32,ATL,15
33,ATL,15
34,ATL,16
35,ATL,16
36,ATL,16
37,ATL,17
38,ATL,17
39,ATL,18
40,ATL,19
41,ATL,19
42,ATL,19
43,ATL,20
44,ATL,21
45,ATL,21
46,ATL,22
47,ATL,22
48,ATL,23
49,ATL,23
50,ATL,23
51,ATL,24
52,ATL,25
53,ATL,26
54,ATL,27
55,ATL,28
56,ATL,29
57,ATL,30
58,ATL,31
59,ATL,32
60,ATL,33
61,ATL,34
62,ATL,35
63,ATL,36
64,ATL,37
65,ATL,37
66,ATL,37
67,ATL,38
68,ATL,39
69,ATL,39
70,ATL,40
71,ATL,41
72,ATL,41
73,ATL,42
74,ATL,42
75,ATL,43
76,ATL,44
77,ATL,44
78,ATL,45
79,ATL,46
80,ATL,46
81,ATL,47
82,ATL,48
83,ATL,49
84,ATL,49
85,ATL,50
86,ATL,51
87,ATL,52
88,ATL,52
89,ATL,53
90,ATL,53
91,ATL,54
92,ATL,55
93,ATL,56
94,ATL,56
95,ATL,57
96,ATL,58
97,ATL,58
98,ATL,58
99,ATL,59
100,ATL,59
101,ATL,60
102,ATL,61
103,ATL,62
104,ATL,63
105,ATL,63
106,ATL,63
107,ATL,64
108,ATL,64
109,ATL,64
110,ATL,64
111,ATL,65
112,ATL,66
113,ATL,67
114,ATL,68
115,ATL,69
116,ATL,70
117,ATL,71
118,ATL,72
119,ATL,72
120,ATL,73
121,ATL,74
122,ATL,75
123,ATL,75
124,ATL,76
125,ATL,77
126,ATL,78
127,ATL,79
128,ATL,79
129,ATL,79
130,ATL,79
131,ATL,80
132,ATL,81
133,ATL,82
134,ATL,83
135,ATL,84
136,ATL,85
137,ATL,86
138,ATL,87
139,ATL,87
140,ATL,87
141,ATL,87
142,ATL,88
143,ATL,88
144,ATL,89
145,ATL,90
146,ATL,91
147,ATL,92
148,ATL,93
149,ATL,93
150,ATL,93
151,ATL,93
152,ATL,94
153,ATL,95
154,ATL,96
155,ATL,97
156,ATL,97
157,ATL,98
158,ATL,99
159,ATL,100
160,ATL,100
161,ATL,101
162,ATL,101
1,BAL,0
2,BAL,0
3,BAL,0
4,BAL,1
5,BAL,1
6,BAL,1
7,BAL,2
8,BAL,2
9,BAL,3
10,BAL,3
11,BAL,3
12,BAL,4
13,BAL,4
14,BAL,5
15,BAL,6
16,BAL,6
17,BAL,6
18,BAL,6
19,BAL,6
20,BAL,6
21,BAL,7
22,BAL,8
23,BAL,8
24,BAL,8
25,BAL,9
26,BAL,10
27,BAL,10
28,BAL,11
29,BAL,12
30,BAL,13
31,BAL,13
32,BAL,14
33,BAL,14
34,BAL,14
35,BAL,14
36,BAL,14
37,BAL,14
38,BAL,14
39,BAL,15
40,BAL,16
41,BAL,16
42,BAL,17
43,BAL,18
44,BAL,18
45,BAL,18
46,BAL,19
47,BAL,19
48,BAL,20
49,BAL,20
50,BAL,21
51,BAL,21
52,BAL,22
53,BAL,22
54,BAL,22
55,BAL,23
56,BAL,23
57,BAL,24
58,BAL,24
59,BAL,24
60,BAL,25
61,BAL,26
62,BAL,26
63,BAL,27
64,BAL,27
65,BAL,28
66,BAL,29
67,BAL,29
68,BAL,30
69,BAL,30
70,BAL,31
71,BAL,32
72,BAL,33
73,BAL,34
74,BAL,34
75,BAL,35
76,BAL,35
77,BAL,35
78,BAL,35
79,BAL,35
80,BAL,36
81,BAL,37
82,BAL,38
83,BAL,39
84,BAL,40
85,BAL,41
86,BAL,42
87,BAL,43
88,BAL,44
89,BAL,45
90,BAL,45
91,BAL,46
92,BAL,46
93,BAL,46
94,BAL,47
95,BAL,47
96,BAL,48
97,BAL,49
98,BAL,49
99,BAL,50
100,BAL,51
101,BAL,51
102,BAL,51
103,BAL,52
104,BAL,53
105,BAL,54
106,BAL,55
107,BAL,56
108,BAL,56
109,BAL,57
110,BAL,58
111,BAL,58
112,BAL,59
113,BAL,59
114,BAL,59
115,BAL,60
116,BAL,61
117,BAL,61
118,BAL,61
119,BAL,62
120,BAL,62
121,BAL,63
122,BAL,64
123,BAL,64
124,BAL,65
125,BAL,66
126,BAL,67
127,BAL,67
128,BAL,67
129,BAL,68
130,BAL,69
131,BAL,70
132,BAL,71
133,BAL,71
134,BAL,71
135,BAL,71
136,BAL,72
137,BAL,72
138,BAL,73
139,BAL,73
140,BAL,73
141,BAL,74
142,BAL,75
143,BAL,75
144,BAL,75
145,BAL,76
146,BAL,76
147,BAL,76
148,BAL,77
149,BAL,78
150,BAL,79
151,BAL,79
152,BAL,79
153,BAL,80
154,BAL,80
155,BAL,80
156,BAL,80
157,BAL,81
158,BAL,81
159,BAL,82
160,BAL,82
161,BAL,83
162,BAL,83
1,BOS,0
2,BOS,0
3,BOS,1
4,BOS,1
5,BOS,2
6,BOS,3
7,BOS,3
8,BOS,4
9,BOS,5
10,BOS,5
11,BOS,6
12,BOS,6
13,BOS,6
14,BOS,7
15,BOS,7
16,BOS,7
17,BOS,7
18,BOS,7
19,BOS,8
20,BOS,8
21,BOS,9
22,BOS,9
23,BOS,9
24,BOS,10
25,BOS,10
26,BOS,10
27,BOS,10
28,BOS,10
29,BOS,10
30,BOS,11
31,BOS,11
32,BOS,12
33,BOS,13
34,BOS,13
35,BOS,14
36,BOS,14
37,BOS,15
38,BOS,16
39,BOS,17
40,BOS,18
41,BOS,19
42,BOS,20
43,BOS,20
44,BOS,21
45,BOS,21
46,BOS,22
47,BOS,22
48,BOS,23
49,BOS,23
50,BOS,23
51,BOS,24
52,BOS,25
53,BOS,26
54,BOS,27
55,BOS,28
56,BOS,29
57,BOS,30
58,BOS,30
59,BOS,31
60,BOS,31
61,BOS,32
62,BOS,33
63,BOS,34
64,BOS,34
65,BOS,35
66,BOS,35
67,BOS,36
68,BOS,37
69,BOS,38
70,BOS,39
71,BOS,40
72,BOS,41
73,BOS,42
74,BOS,42
75,BOS,42
76,BOS,43
77,BOS,43
78,BOS,43
79,BOS,44
80,BOS,45
81,BOS,45
82,BOS,45
83,BOS,45
84,BOS,45
85,BOS,46
86,BOS,47
87,BOS,47
88,BOS,47
89,BOS,47
90,BOS,47
91,BOS,48
92,BOS,48
93,BOS,48
94,BOS,48
95,BOS,48
96,BOS,48
97,BOS,49
98,BOS,49
99,BOS,49
100,BOS,50
101,BOS,50
102,BOS,50
103,BOS,51
104,BOS,52
105,BOS,53
106,BOS,53
107,BOS,53
108,BOS,54
109,BOS,54
110,BOS,54
111,BOS,54
112,BOS,54
113,BOS,55
114,BOS,56
115,BOS,56
116,BOS,57
117,BOS,58
118,BOS,59
119,BOS,59
120,BOS,59
121,BOS,60
122,BOS,60
123,BOS,60
124,BOS,60
125,BOS,60
126,BOS,61
127,BOS,62
128,BOS,62
129,BOS,62
130,BOS,62
131,BOS,63
132,BOS,64
133,BOS,65
134,BOS,66
135,BOS,67
136,BOS,67
137,BOS,67
138,BOS,67
139,BOS,67
140,BOS,68
141,BOS,69
142,BOS,69
143,BOS,69
144,BOS,70
145,BOS,70
146,BOS,71
147,BOS,72
148,BOS,72
149,BOS,72
150,BOS,72
151,BOS,72
152,BOS,72
153,BOS,72
154,BOS,73
155,BOS,74
156,BOS,75
157,BOS,75
158,BOS,75
159,BOS,75
160,BOS,76
161,BOS,77
162,BOS,78
1,CHC,1
2,CHC,2
3,CHC,2
4,CHC,3
5,CHC,3
6,CHC,4
7,CHC,4
8,CHC,4
9,CHC,5
10,CHC,6
11,CHC,6
12,CHC,6
13,CHC,6
14,CHC,6
15,CHC,7
16,CHC,7
17,CHC,7
18,CHC,8
19,CHC,8
20,CHC,8
21,CHC,8
22,CHC,9
23,CHC,9
24,CHC,9
25,CHC,9
26,CHC,9
27,CHC,9
28,CHC,10
29,CHC,10
30,CHC,11
31,CHC,11
32,CHC,12
33,CHC,13
34,CHC,14
35,CHC,15
36,CHC,15
37,CHC,15
38,CHC,15
39,CHC,15
40,CHC,16
41,CHC,17
42,CHC,18
43,CHC,18
44,CHC,18
45,CHC,19
46,CHC,19
47,CHC,19
48,CHC,19
49,CHC,20
50,CHC,21
51,CHC,22
52,CHC,22
53,CHC,23
54,CHC,23
55,CHC,23
56,CHC,23
57,CHC,23
58,CHC,23
59,CHC,23
60,CHC,23
61,CHC,23
62,CHC,23
63,CHC,23
64,CHC,24
65,CHC,25
66,CHC,25
67,CHC,25
68,CHC,25
69,CHC,26
70,CHC,26
71,CHC,27
72,CHC,27
73,CHC,28
74,CHC,28
75,CHC,29
76,CHC,30
77,CHC,31
78,CHC,32
79,CHC,32
80,CHC,32
81,CHC,33
82,CHC,34
83,CHC,34
84,CHC,34
85,CHC,34
86,CHC,34
87,CHC,34
88,CHC,34
89,CHC,34
90,CHC,34
91,CHC,34
92,CHC,35
93,CHC,36
94,CHC,37
95,CHC,38
96,CHC,39
97,CHC,40
98,CHC,40
99,CHC,41
100,CHC,41
101,CHC,41
102,CHC,41
103,CHC,41
104,CHC,41
105,CHC,42
106,CHC,43
107,CHC,43
108,CHC,44
109,CHC,44
110,CHC,45
111,CHC,46
112,CHC,47
113,CHC,47
114,CHC,47
115,CHC,48
116,CHC,49
117,CHC,50
118,CHC,51
119,CHC,52
120,CHC,52
121,CHC,52
122,CHC,53
123,CHC,53
124,CHC,54
125,CHC,54
126,CHC,55
127,CHC,55
128,CHC,55
129,CHC,55
130,CHC,55
131,CHC,56
132,CHC,56
133,CHC,56
134,CHC,56
135,CHC,57
136,CHC,57
137,CHC,57
138,CHC,58
139,CHC,58
140,CHC,58
141,CHC,59
142,CHC,60
143,CHC,61
144,CHC,62
145,CHC,62
146,CHC,62
147,CHC,62
148,CHC,63
149,CHC,64
150,CHC,65
151,CHC,66
152,CHC,66
153,CHC,67
154,CHC,68
155,CHC,69
156,CHC,70
157,CHC,71
158,CHC,72
159,CHC,73
160,CHC,73
161,CHC,73
162,CHC,74
1,CHW,0
2,CHW,1
3,CHW,2
4,CHW,3
5,CHW,4
6,CHW,4
7,CHW,5
8,CHW,6
9,CHW,6
10,CHW,6
11,CHW,6
12,CHW,6
13,CHW,6
14,CHW,6
15,CHW,6
16,CHW,6
17,CHW,7
18,CHW,7
19,CHW,7
20,CHW,8
21,CHW,8
22,CHW,9
23,CHW,10
24,CHW,11
25,CHW,12
26,CHW,13
27,CHW,14
28,CHW,14
29,CHW,15
30,CHW,15
31,CHW,15
32,CHW,16
33,CHW,16
34,CHW,17
35,CHW,18
36,CHW,18
37,CHW,18
38,CHW,19
39,CHW,19
40,CHW,20
41,CHW,21
42,CHW,21
43,CHW,22
44,CHW,22
45,CHW,22
46,CHW,23
47,CHW,23
48,CHW,23
49,CHW,23
50,CHW,23
51,CHW,24
52,CHW,25
53,CHW,26
54,CHW,26
55,CHW,26
56,CHW,27
57,CHW,27
58,CHW,27
59,CHW,28
60,CHW,29
61,CHW,30
62,CHW,30
63,CHW,31
64,CHW,31
65,CHW,32
66,CHW,33
67,CHW,33
68,CHW,33
69,CHW,33
70,CHW,33
71,CHW,34
72,CHW,34
73,CHW,35
74,CHW,35
75,CHW,36
76,CHW,37
77,CHW,38
78,CHW,38
79,CHW,38
80,CHW,39
81,CHW,39
82,CHW,39
83,CHW,40
84,CHW,41
85,CHW,41
86,CHW,41
87,CHW,42
88,CHW,43
89,CHW,44
90,CHW,45
91,CHW,45
92,CHW,46
93,CHW,46
94,CHW,46
95,CHW,47
96,CHW,48
97,CHW,49
98,CHW,49
99,CHW,49
100,CHW,50
101,CHW,51
102,CHW,51
103,CHW,52
104,CHW,53
105,CHW,53
106,CHW,54
107,CHW,54
108,CHW,55
109,CHW,55
110,CHW,56
111,CHW,56
112,CHW,56
113,CHW,57
114,CHW,58
115,CHW,59
116,CHW,60
117,CHW,61
118,CHW,61
119,CHW,61
120,CHW,61
121,CHW,62
122,CHW,62
123,CHW,62
124,CHW,63
125,CHW,63
126,CHW,63
127,CHW,63
128,CHW,63
129,CHW,63
130,CHW,64
131,CHW,65
132,CHW,66
133,CHW,67
134,CHW,67
135,CHW,68
136,CHW,68
137,CHW,69
138,CHW,70
139,CHW,71
140,CHW,72
141,CHW,72
142,CHW,73
143,CHW,73
144,CHW,74
145,CHW,74
146,CHW,75
147,CHW,76
148,CHW,76
149,CHW,76
150,CHW,76
151,CHW,76
152,CHW,76
153,CHW,76
154,CHW,76
155,CHW,76
156,CHW,77
157,CHW,78
158,CHW,78
159,CHW,79
160,CHW,80
161,CHW,81
162,CHW,81
1,CIN,1
2,CIN,1
3,CIN,1
4,CIN,2
5,CIN,2
6,CIN,2
7,CIN,2
8,CIN,2
9,CIN,2
10,CIN,2
11,CIN,2
12,CIN,2
13,CIN,2
14,CIN,2
15,CIN,2
16,CIN,3
17,CIN,3
18,CIN,3
19,CIN,3
20,CIN,3
21,CIN,3
22,CIN,3
23,CIN,3
24,CIN,3
25,CIN,3
26,CIN,4
27,CIN,4
28,CIN,5
29,CIN,6
30,CIN,6
31,CIN,7
32,CIN,8
33,CIN,9
34,CIN,9
35,CIN,9
36,CIN,10
37,CIN,11
38,CIN,11
39,CIN,11
40,CIN,12
41,CIN,12
42,CIN,12
43,CIN,13
44,CIN,14
45,CIN,15
46,CIN,16
47,CIN,16
48,CIN,17
49,CIN,17
50,CIN,18
51,CIN,18
52,CIN,18
53,CIN,18
54,CIN,19
55,CIN,20
56,CIN,20
57,CIN,20
58,CIN,20
59,CIN,20
60,CIN,21
61,CIN,22
62,CIN,23
63,CIN,23
64,CIN,23
65,CIN,23
66,CIN,23
67,CIN,23
68,CIN,23
69,CIN,23
70,CIN,24
71,CIN,24
72,CIN,25
73,CIN,26
74,CIN,26
75,CIN,26
76,CIN,26
77,CIN,26
78,CIN,27
79,CIN,27
80,CIN,28
81,CIN,28
82,CIN,28
83,CIN,29
84,CIN,30
85,CIN,31
86,CIN,32
87,CIN,33
88,CIN,33
89,CIN,34
90,CIN,34
91,CIN,34
92,CIN,35
93,CIN,35
94,CIN,36
95,CIN,37
96,CIN,37
97,CIN,38
98,CIN,38
99,CIN,38
100,CIN,39
101,CIN,40
102,CIN,41
103,CIN,42
104,CIN,42
105,CIN,42
106,CIN,43
107,CIN,44
108,CIN,44
109,CIN,44
110,CIN,44
111,CIN,44
112,CIN,44
113,CIN,45
114,CIN,45
115,CIN,45
116,CIN,46
117,CIN,46
118,CIN,47
119,CIN,48
120,CIN,48
121,CIN,48
122,CIN,48
123,CIN,48
124,CIN,49
125,CIN,50
126,CIN,50
127,CIN,50
128,CIN,51
129,CIN,51
130,CIN,52
131,CIN,52
132,CIN,53
133,CIN,53
134,CIN,54
135,CIN,55
136,CIN,56
137,CIN,56
138,CIN,56
139,CIN,56
140,CIN,56
141,CIN,56
142,CIN,56
143,CIN,57
144,CIN,57
145,CIN,57
146,CIN,57
147,CIN,58
148,CIN,58
149,CIN,59
150,CIN,59
151,CIN,59
152,CIN,59
153,CIN,60
154,CIN,60
155,CIN,60
156,CIN,60
157,CIN,60
158,CIN,60
159,CIN,60
160,CIN,61
161,CIN,62
162,CIN,62
1,CLE,0
2,CLE,0
3,CLE,1
4,CLE,2
5,CLE,3
6,CLE,4
7,CLE,4
8,CLE,4
9,CLE,4
10,CLE,5
11,CLE,6
12,CLE,7
13,CLE,7
14,CLE,7
15,CLE,7
16,CLE,7
17,CLE,7
18,CLE,7
19,CLE,7
20,CLE,8
21,CLE,9
22,CLE,10
23,CLE,10
24,CLE,11
25,CLE,12
26,CLE,12
27,CLE,13
28,CLE,14
29,CLE,15
30,CLE,15
31,CLE,15
32,CLE,16
33,CLE,16
34,CLE,16
35,CLE,16
36,CLE,17
37,CLE,17
38,CLE,18
39,CLE,18
40,CLE,18
41,CLE,18
42,CLE,19
43,CLE,19
44,CLE,20
45,CLE,21
46,CLE,22
47,CLE,23
48,CLE,23
49,CLE,24
50,CLE,25
51,CLE,25
52,CLE,26
53,CLE,27
54,CLE,28
55,CLE,28
56,CLE,29
57,CLE,30
58,CLE,31
59,CLE,32
60,CLE,33
61,CLE,33
62,CLE,34
63,CLE,35
64,CLE,36
65,CLE,36
66,CLE,36
67,CLE,36
68,CLE,36
69,CLE,36
70,CLE,37
71,CLE,37
72,CLE,38
73,CLE,39
74,CLE,39
75,CLE,39
76,CLE,40
77,CLE,40
78,CLE,40
79,CLE,40
80,CLE,40
81,CLE,40
82,CLE,41
83,CLE,41
84,CLE,42
85,CLE,43
86,CLE,43
87,CLE,43
88,CLE,44
89,CLE,45
90,CLE,46
91,CLE,47
92,CLE,48
93,CLE,48
94,CLE,48
95,CLE,48
96,CLE,49
97,CLE,50
98,CLE,50
99,CLE,51
100,CLE,51
101,CLE,52
102,CLE,53
103,CLE,53
104,CLE,54
105,CLE,54
106,CLE,54
107,CLE,55
108,CLE,56
109,CLE,57
110,CLE,58
111,CLE,59
112,CLE,60
113,CLE,60
114,CLE,61
115,CLE,62
116,CLE,62
117,CLE,62
118,CLE,63
119,CLE,64
120,CLE,64
121,CLE,65
122,CLE,66
123,CLE,66
124,CLE,66
125,CLE,67
126,CLE,67
127,CLE,68
128,CLE,68
129,CLE,68
130,CLE,68
131,CLE,68
132,CLE,68
133,CLE,69
134,CLE,70
135,CLE,70
136,CLE,71
137,CLE,72
138,CLE,73
139,CLE,74
140,CLE,75
141,CLE,76
142,CLE,76
143,CLE,77
144,CLE,78
145,CLE,79
146,CLE,79
147,CLE,80
148,CLE,81
149,CLE,82
150,CLE,83
151,CLE,84
152,CLE,85
153,CLE,86
154,CLE,86
155,CLE,87
156,CLE,88
157,CLE,89
158,CLE,89
159,CLE,90
160,CLE,90
161,CLE,91
162,CLE,92
1,COL,0
2,COL,1
3,COL,2
4,COL,3
5,COL,4
6,COL,4
7,COL,5
8,COL,6
9,COL,6
10,COL,7
11,COL,8
12,COL,8
13,COL,8
14,COL,9
15,COL,10
16,COL,10
17,COL,10
18,COL,10
19,COL,10
20,COL,11
21,COL,12
22,COL,13
23,COL,13
24,COL,14
25,COL,15
26,COL,15
27,COL,16
28,COL,16
29,COL,16
30,COL,16
31,COL,16
32,COL,16
33,COL,17
34,COL,17
35,COL,17
36,COL,17
37,COL,18
38,COL,18
39,COL,19
40,COL,19
41,COL,19
42,COL,20
43,COL,20
44,COL,20
45,COL,20
46,COL,21
47,COL,21
48,COL,22
49,COL,22
50,COL,23
51,COL,23
52,COL,23
53,COL,23
54,COL,23
55,COL,24
56,COL,24
57,COL,25
58,COL,25
59,COL,25
60,COL,26
61,COL,27
62,COL,27
63,COL,27
64,COL,27
65,COL,28
66,COL,29
67,COL,30
68,COL,30
69,COL,30
70,COL,30
71,COL,31
72,COL,31
73,COL,31
74,COL,32
75,COL,33
76,COL,33
77,COL,33
78,COL,34
79,COL,35
80,COL,35
81,COL,35
82,COL,35
83,COL,36
84,COL,37
85,COL,37
86,COL,38
87,COL,38
88,COL,39
89,COL,40
90,COL,41
91,COL,42
92,COL,43
93,COL,43
94,COL,43
95,COL,43
96,COL,43
97,COL,44
98,COL,44
99,COL,45
100,COL,45
101,COL,45
102,COL,46
103,COL,46
104,COL,46
105,COL,46
106,COL,46
107,COL,46
108,COL,47
109,COL,47
110,COL,48
111,COL,48
112,COL,49
113,COL,49
114,COL,50
115,COL,51
116,COL,51
117,COL,51
118,COL,51
119,COL,51
120,COL,51
121,COL,52
122,COL,53
123,COL,53
124,COL,54
125,COL,54
126,COL,54
127,COL,54
128,COL,54
129,COL,55
130,COL,56
131,COL,56
132,COL,56
133,COL,56
134,COL,57
135,COL,57
136,COL,57
137,COL,58
138,COL,59
139,COL,60
140,COL,61
141,COL,61
142,COL,61
143,COL,62
144,COL,62
145,COL,63
146,COL,64
147,COL,64
148,COL,64
149,COL,64
150,COL,64
151,COL,65
152,COL,65
153,COL,65
154,COL,65
155,COL,65
156,COL,65
157,COL,65
158,COL,65
159,COL,66
160,COL,67
161,COL,68
162,COL,68
1,DET,1
2,DET,1
3,DET,1
4,DET,2
5,DET,2
6,DET,2
7,DET,3
8,DET,4
9,DET,4
10,DET,4
11,DET,4
12,DET,5
13,DET,6
14,DET,6
15,DET,6
16,DET,6
17,DET,6
18,DET,6
19,DET,6
20,DET,7
21,DET,7
22,DET,8
23,DET,8
24,DET,8
25,DET,8
26,DET,8
27,DET,8
28,DET,8
29,DET,9
30,DET,9
31,DET,9
32,DET,9
33,DET,10
34,DET,11
35,DET,12
36,DET,13
37,DET,13
38,DET,13
39,DET,13
40,DET,14
41,DET,14
42,DET,14
43,DET,15
44,DET,16
45,DET,16
46,DET,17
47,DET,18
48,DET,18
49,DET,19
50,DET,20
51,DET,21
52,DET,21
53,DET,21
54,DET,21
55,DET,22
56,DET,23
57,DET,23
58,DET,24
59,DET,24
60,DET,24
61,DET,24
62,DET,24
63,DET,24
64,DET,24
65,DET,25
66,DET,26
67,DET,26
68,DET,26
69,DET,26
70,DET,27
71,DET,28
72,DET,28
73,DET,28
74,DET,29
75,DET,29
76,DET,30
77,DET,30
78,DET,31
79,DET,32
80,DET,33
81,DET,34
82,DET,35
83,DET,36
84,DET,36
85,DET,36
86,DET,36
87,DET,36
88,DET,37
89,DET,37
90,DET,37
91,DET,37
92,DET,37
93,DET,38
94,DET,38
95,DET,38
96,DET,38
97,DET,39
98,DET,39
99,DET,40
100,DET,40
101,DET,41
102,DET,41
103,DET,41
104,DET,41
105,DET,42
106,DET,42
107,DET,42
108,DET,42
109,DET,43
110,DET,43
111,DET,43
112,DET,43
113,DET,43
114,DET,43
115,DET,43
116,DET,43
117,DET,43
118,DET,44
119,DET,45
120,DET,45
121,DET,45
122,DET,46
123,DET,47
124,DET,47
125,DET,48
126,DET,48
127,DET,49
128,DET,50
129,DET,50
130,DET,50
131,DET,50
132,DET,51
133,DET,51
134,DET,51
135,DET,51
136,DET,51
137,DET,52
138,DET,53
139,DET,54
140,DET,54
141,DET,54
142,DET,54
143,DET,54
144,DET,55
145,DET,55
146,DET,55
147,DET,56
148,DET,57
149,DET,57
150,DET,58
151,DET,59
152,DET,60
153,DET,61
154,DET,62
155,DET,63
156,DET,63
157,DET,64
158,DET,65
159,DET,66
160,DET,66
161,DET,66
162,DET,66
1,HOU,1
2,HOU,2
3,HOU,2
4,HOU,3
5,HOU,4
6,HOU,4
7,HOU,4
8,HOU,5
9,HOU,5
10,HOU,6
11,HOU,6
12,HOU,6
13,HOU,6
14,HOU,6
15,HOU,7
16,HOU,7
17,HOU,8
18,HOU,9
19,HOU,10
20,HOU,11
21,HOU,11
22,HOU,11
23,HOU,12
24,HOU,13
25,HOU,14
26,HOU,15
27,HOU,16
28,HOU,17
29,HOU,18
30,HOU,19
31,HOU,20
32,HOU,21
33,HOU,22
34,HOU,22
35,HOU,23
36,HOU,23
37,HOU,24
38,HOU,24
39,HOU,25
40,HOU,25
41,HOU,26
42,HOU,27
43,HOU,27
44,HOU,28
45,HOU,29
46,HOU,29
47,HOU,29
48,HOU,30
49,HOU,31
50,HOU,32
51,HOU,33
52,HOU,34
53,HOU,34
54,HOU,35
55,HOU,35
56,HOU,36
57,HOU,36
58,HOU,36
59,HOU,36
60,HOU,37
61,HOU,37
62,HOU,38
63,HOU,39
64,HOU,40
65,HOU,40
66,HOU,41
67,HOU,42
68,HOU,43
69,HOU,43
70,HOU,44
71,HOU,45
72,HOU,45
73,HOU,46
74,HOU,47
75,HOU,48
76,HOU,49
77,HOU,50
78,HOU,51
79,HOU,52
80,HOU,53
81,HOU,53
82,HOU,54
83,HOU,55
84,HOU,55
85,HOU,56
86,HOU,57
87,HOU,57
88,HOU,58
89,HOU,58
90,HOU,59
91,HOU,59
92,HOU,60
93,HOU,61
94,HOU,62
95,HOU,63
96,HOU,64
97,HOU,64
98,HOU,64
99,HOU,64
100,HOU,65
101,HOU,66
102,HOU,66
103,HOU,67
104,HOU,67
105,HOU,67
106,HOU,68
107,HOU,69
108,HOU,70
109,HOU,70
110,HOU,70
111,HOU,71
112,HOU,71
113,HOU,72
114,HOU,73
115,HOU,74
116,HOU,75
117,HOU,75
118,HOU,75
119,HOU,76
120,HOU,77
121,HOU,77
122,HOU,77
123,HOU,78
124,HOU,79
125,HOU,80
126,HOU,81
127,HOU,81
128,HOU,81
129,HOU,82
130,HOU,83
131,HOU,84
132,HOU,85
133,HOU,85
134,HOU,86
135,HOU,87
136,HOU,87
137,HOU,88
138,HOU,89
139,HOU,89
140,HOU,90
141,HOU,91
142,HOU,92
143,HOU,93
144,HOU,94
145,HOU,95
146,HOU,95
147,HOU,96
148,HOU,97
149,HOU,98
150,HOU,99
151,HOU,99
152,HOU,99
153,HOU,100
154,HOU,101
155,HOU,102
156,HOU,102
157,HOU,102
158,HOU,103
159,HOU,104
160,HOU,104
161,HOU,105
162,HOU,106
1,KCR,1
2,KCR,2
3,KCR,2
4,KCR,2
5,KCR,2
6,KCR,2
7,KCR,2
8,KCR,3
9,KCR,4
10,KCR,5
11,KCR,5
12,KCR,5
13,KCR,5
14,KCR,5
15,KCR,6
16,KCR,6
17,KCR,7
18,KCR,7
19,KCR,7
20,KCR,7
21,KCR,7
22,KCR,8
23,KCR,8
24,KCR,9
25,KCR,9
26,KCR,9
27,KCR,9
28,KCR,10
29,KCR,10
30,KCR,11
31,KCR,11
32,KCR,12
33,KCR,12
34,KCR,12
35,KCR,13
36,KCR,14
37,KCR,14
38,KCR,14
39,KCR,14
40,KCR,14
41,KCR,14
42,KCR,14
43,KCR,15
44,KCR,15
45,KCR,16
46,KCR,16
47,KCR,16
48,KCR,16
49,KCR,16
50,KCR,16
51,KCR,17
52,KCR,17
53,KCR,17
54,KCR,17
55,KCR,18
56,KCR,19
57,KCR,20
58,KCR,20
59,KCR,20
60,KCR,20
61,KCR,20
62,KCR,21
63,KCR,22
64,KCR,23
65,KCR,23
66,KCR,24
67,KCR,25
68,KCR,25
69,KCR,26
70,KCR,26
71,KCR,26
72,KCR,26
73,KCR,26
74,KCR,27
75,KCR,28
76,KCR,28
77,KCR,29
78,KCR,29
79,KCR,29
80,KCR,30
81,KCR,30
82,KCR,31
83,KCR,31
84,KCR,32
85,KCR,33
86,KCR,34
87,KCR,34
88,KCR,35
89,KCR,36
90,KCR,36
91,KCR,36
92,KCR,36
93,KCR,36
94,KCR,37
95,KCR,38
96,KCR,39
97,KCR,39
98,KCR,39
99,KCR,39
100,KCR,39
101,KCR,39
102,KCR,40
103,KCR,41
104,KCR,41
105,KCR,41
106,KCR,42
107,KCR,42
108,KCR,43
109,KCR,44
110,KCR,45
111,KCR,45
112,KCR,46
113,KCR,47
114,KCR,47
115,KCR,47
116,KCR,48
117,KCR,48
118,KCR,48
119,KCR,48
120,KCR,48
121,KCR,49
122,KCR,49
123,KCR,49
124,KCR,50
125,KCR,50
126,KCR,51
127,KCR,51
128,KCR,51
129,KCR,52
130,KCR,53
131,KCR,53
132,KCR,53
133,KCR,53
134,KCR,54
135,KCR,55
136,KCR,55
137,KCR,55
138,KCR,56
139,KCR,56
140,KCR,56
141,KCR,57
142,KCR,57
143,KCR,57
144,KCR,57
145,KCR,57
146,KCR,58
147,KCR,58
148,KCR,59
149,KCR,60
150,KCR,61
151,KCR,62
152,KCR,62
153,KCR,63
154,KCR,63
155,KCR,63
156,KCR,63
157,KCR,63
158,KCR,64
159,KCR,64
160,KCR,65
161,KCR,65
162,KCR,65
1,LAA,0
2,LAA,0
3,LAA,1
4,LAA,1
5,LAA,2
6,LAA,3
7,LAA,3
8,LAA,4
9,LAA,5
10,LAA,6
11,LAA,6
12,LAA,7
13,LAA,8
14,LAA,8
15,LAA,8
16,LAA,9
17,LAA,10
18,LAA,11
19,LAA,12
20,LAA,13
21,LAA,14
22,LAA,14
23,LAA,15
24,LAA,15
25,LAA,15
26,LAA,16
27,LAA,17
28,LAA,18
29,LAA,18
30,LAA,19
31,LAA,20
32,LAA,21
33,LAA,21
34,LAA,22
35,LAA,22
36,LAA,23
37,LAA,24
38,LAA,24
39,LAA,24
40,LAA,24
41,LAA,24
42,LAA,25
43,LAA,26
44,LAA,27
45,LAA,27
46,LAA,27
47,LAA,27
48,LAA,27
49,LAA,27
50,LAA,27
51,LAA,27
52,LAA,27
53,LAA,27
54,LAA,27
55,LAA,27
56,LAA,27
57,LAA,27
58,LAA,27
59,LAA,28
60,LAA,28
61,LAA,29
62,LAA,29
63,LAA,29
64,LAA,29
65,LAA,30
66,LAA,30
67,LAA,31
68,LAA,32
69,LAA,33
70,LAA,33
71,LAA,33
72,LAA,34
73,LAA,34
74,LAA,34
75,LAA,35
76,LAA,36
77,LAA,36
78,LAA,37
79,LAA,37
80,LAA,37
81,LAA,37
82,LAA,37
83,LAA,38
84,LAA,38
85,LAA,38
86,LAA,38
87,LAA,38
88,LAA,38
89,LAA,39
90,LAA,39
91,LAA,39
92,LAA,39
93,LAA,39
94,LAA,39
95,LAA,40
96,LAA,40
97,LAA,41
98,LAA,42
99,LAA,42
100,LAA,42
101,LAA,43
102,LAA,43
103,LAA,44
104,LAA,44
105,LAA,44
106,LAA,45
107,LAA,45
108,LAA,46
109,LAA,46
110,LAA,47
111,LAA,48
112,LAA,49
113,LAA,49
114,LAA,50
115,LAA,51
116,LAA,51
117,LAA,51
118,LAA,51
119,LAA,52
120,LAA,52
121,LAA,52
122,LAA,52
123,LAA,52
124,LAA,52
125,LAA,52
126,LAA,53
127,LAA,54
128,LAA,55
129,LAA,56
130,LAA,56
131,LAA,57
132,LAA,57
133,LAA,58
134,LAA,58
135,LAA,59
136,LAA,60
137,LAA,60
138,LAA,60
139,LAA,61
140,LAA,61
141,LAA,61
142,LAA,61
143,LAA,61
144,LAA,62
145,LAA,63
146,LAA,64
147,LAA,64
148,LAA,65
149,LAA,65
150,LAA,65
151,LAA,66
152,LAA,66
153,LAA,67
154,LAA,68
155,LAA,69
156,LAA,70
157,LAA,71
158,LAA,72
159,LAA,73
160,LAA,73
161,LAA,73
162,LAA,73
1,LAD,1
2,LAD,1
3,LAD,1
4,LAD,2
5,LAD,3
6,LAD,4
7,LAD,5
8,LAD,6
9,LAD,7
10,LAD,8
11,LAD,8
12,LAD,9
13,LAD,10
14,LAD,10
15,LAD,11
16,LAD,12
17,LAD,12
18,LAD,12
19,LAD,13
20,LAD,13
21,LAD,14
22,LAD,15
23,LAD,16
24,LAD,17
25,LAD,18
26,LAD,19
27,LAD,19
28,LAD,20
29,LAD,20
30,LAD,20
31,LAD,20
32,LAD,20
33,LAD,21
34,LAD,22
35,LAD,23
36,LAD,24
37,LAD,25
38,LAD,26
39,LAD,27
40,LAD,27
41,LAD,28
42,LAD,29
43,LAD,29
44,LAD,30
45,LAD,31
46,LAD,32
47,LAD,33
48,LAD,33
49,LAD,33
50,LAD,33
51,LAD,34
52,LAD,35
53,LAD,35
54,LAD,35
55,LAD,35
56,LAD,36
57,LAD,37
58,LAD,37
59,LAD,37
60,LAD,37
61,LAD,38
62,LAD,39
63,LAD,39
64,LAD,40
65,LAD,40
66,LAD,41
67,LAD,42
68,LAD,43
69,LAD,44
70,LAD,44
71,LAD,45
72,LAD,45
73,LAD,45
74,LAD,46
75,LAD,47
76,LAD,48
77,LAD,49
78,LAD,49
79,LAD,50
80,LAD,51
81,LAD,52
82,LAD,53
83,LAD,54
84,LAD,55
85,LAD,56
86,LAD,56
87,LAD,57
88,LAD,58
89,LAD,59
90,LAD,60
91,LAD,61
92,LAD,62
93,LAD,63
94,LAD,64
95,LAD,64
96,LAD,64
97,LAD,65
98,LAD,66
99,LAD,67
100,LAD,67
101,LAD,68
102,LAD,69
103,LAD,70
104,LAD,71
105,LAD,72
106,LAD,73
107,LAD,74
108,LAD,75
109,LAD,76
110,LAD,77
111,LAD,78
112,LAD,79
113,LAD,79
114,LAD,80
115,LAD,80
116,LAD,81
117,LAD,81
118,LAD,82
119,LAD,83
120,LAD,84
121,LAD,84
122,LAD,85
123,LAD,86
124,LAD,87
125,LAD,87
126,LAD,88
127,LAD,89
128,LAD,90
129,LAD,90
130,LAD,90
131,LAD,90
132,LAD,91
133,LAD,92
134,LAD,92
135,LAD,93
136,LAD,94
137,LAD,94
138,LAD,95
139,LAD,96
140,LAD,97
141,LAD,98
142,LAD,98
143,LAD,99
144,LAD,100
145,LAD,101
146,LAD,102
147,LAD,103
148,LAD,103
149,LAD,103
150,LAD,104
151,LAD,104
152,LAD,105
153,LAD,106
154,LAD,106
155,LAD,107
156,LAD,108
157,LAD,109
158,LAD,110
159,LAD,110
160,LAD,110
161,LAD,110
162,LAD,111
1,MIA,0
2,MIA,1
3,MIA,1
4,MIA,1
5,MIA,1
6,MIA,2
7,MIA,3
8,MIA,3
9,MIA,4
10,MIA,4
11,MIA,4
12,MIA,5
13,MIA,5
14,MIA,6
15,MIA,7
16,MIA,8
17,MIA,9
18,MIA,10
19,MIA,11
20,MIA,12
21,MIA,12
22,MIA,12
23,MIA,12
24,MIA,12
25,MIA,12
26,MIA,12
27,MIA,13
28,MIA,13
29,MIA,13
30,MIA,13
31,MIA,14
32,MIA,14
33,MIA,15
34,MIA,15
35,MIA,16
36,MIA,17
37,MIA,17
38,MIA,17
39,MIA,17
40,MIA,18
41,MIA,18
42,MIA,18
43,MIA,18
44,MIA,19
45,MIA,19
46,MIA,19
47,MIA,20
48,MIA,20
49,MIA,21
50,MIA,21
51,MIA,22
52,MIA,22
53,MIA,23
54,MIA,24
55,MIA,25
56,MIA,26
57,MIA,27
58,MIA,27
59,MIA,27
60,MIA,28
61,MIA,28
62,MIA,28
63,MIA,28
64,MIA,29
65,MIA,29
66,MIA,30
67,MIA,31
68,MIA,32
69,MIA,32
70,MIA,32
71,MIA,33
72,MIA,33
73,MIA,33
74,MIA,34
75,MIA,35
76,MIA,36
77,MIA,37
78,MIA,38
79,MIA,39
80,MIA,39
81,MIA,39
82,MIA,40
83,MIA,40
84,MIA,41
85,MIA,41
86,MIA,41
87,MIA,42
88,MIA,43
89,MIA,43
90,MIA,43
91,MIA,43
92,MIA,43
93,MIA,44
94,MIA,44
95,MIA,45
96,MIA,45
97,MIA,46
98,MIA,46
99,MIA,47
100,MIA,47
101,MIA,47
102,MIA,47
103,MIA,47
104,MIA,47
105,MIA,48
106,MIA,48
107,MIA,48
108,MIA,49
109,MIA,49
110,MIA,49
111,MIA,50
112,MIA,50
113,MIA,50
114,MIA,50
115,MIA,50
116,MIA,51
117,MIA,52
118,MIA,52
119,MIA,52
120,MIA,52
121,MIA,52
122,MIA,53
123,MIA,54
124,MIA,54
125,MIA,54
126,MIA,55
127,MIA,55
128,MIA,55
129,MIA,55
130,MIA,55
131,MIA,55
132,MIA,55
133,MIA,55
134,MIA,55
135,MIA,55
136,MIA,56
137,MIA,57
138,MIA,57
139,MIA,57
140,MIA,57
141,MIA,58
142,MIA,58
143,MIA,58
144,MIA,59
145,MIA,59
146,MIA,59
147,MIA,60
148,MIA,61
149,MIA,61
150,MIA,61
151,MIA,62
152,MIA,63
153,MIA,63
154,MIA,64
155,MIA,64
156,MIA,65
157,MIA,65
158,MIA,66
159,MIA,67
160,MIA,68
161,MIA,68
162,MIA,69
1,MIL,0
2,MIL,0
3,MIL,1
4,MIL,1
5,MIL,2
6,MIL,3
7,MIL,4
8,MIL,4
9,MIL,4
10,MIL,5
11,MIL,6
12,MIL,7
13,MIL,8
14,MIL,8
15,MIL,9
16,MIL,10
17,MIL,10
18,MIL,11
19,MIL,12
20,MIL,13
21,MIL,14
22,MIL,15
23,MIL,15
24,MIL,16
25,MIL,17
26,MIL,18
27,MIL,19
28,MIL,19
29,MIL,19
30,MIL,19
31,MIL,20
32,MIL,20
33,MIL,21
34,MIL,21
35,MIL,22
36,MIL,23
37,MIL,23
38,MIL,24
39,MIL,25
40,MIL,26
41,MIL,26
42,MIL,26
43,MIL,27
44,MIL,28
45,MIL,29
46,MIL,29
47,MIL,29
48,MIL,30
49,MIL,31
50,MIL,32
51,MIL,32
52,MIL,32
53,MIL,33
54,MIL,33
55,MIL,33
56,MIL,33
57,MIL,33
58,MIL,33
59,MIL,33
60,MIL,33
61,MIL,33
62,MIL,34
63,MIL,34
64,MIL,35
65,MIL,35
66,MIL,36
67,MIL,37
68,MIL,38
69,MIL,39
70,MIL,39
71,MIL,39
72,MIL,40
73,MIL,40
74,MIL,41
75,MIL,42
76,MIL,43
77,MIL,44
78,MIL,44
79,MIL,45
80,MIL,45
81,MIL,46
82,MIL,47
83,MIL,47
84,MIL,47
85,MIL,48
86,MIL,48
87,MIL,48
88,MIL,49
89,MIL,49
90,MIL,50
91,MIL,50
92,MIL,50
93,MIL,50
94,MIL,51
95,MIL,52
96,MIL,53
97,MIL,53
98,MIL,54
99,MIL,55
100,MIL,56
101,MIL,57
102,MIL,57
103,MIL,57
104,MIL,57
105,MIL,57
106,MIL,58
107,MIL,58
108,MIL,58
109,MIL,59
110,MIL,60
111,MIL,60
112,MIL,61
113,MIL,61
114,MIL,61
115,MIL,62
116,MIL,62
117,MIL,63
118,MIL,63
119,MIL,63
120,MIL,64
121,MIL,65
122,MIL,65
123,MIL,65
124,MIL,65
125,MIL,66
126,MIL,67
127,MIL,68
128,MIL,68
129,MIL,69
130,MIL,69
131,MIL,69
132,MIL,70
133,MIL,70
134,MIL,71
135,MIL,71
136,MIL,71
137,MIL,72
138,MIL,73
139,MIL,73
140,MIL,74
141,MIL,75
142,MIL,76
143,MIL,76
144,MIL,77
145,MIL,78
146,MIL,78
147,MIL,78
148,MIL,78
149,MIL,79
150,MIL,80
151,MIL,81
152,MIL,82
153,MIL,82
154,MIL,82
155,MIL,83
156,MIL,83
157,MIL,84
158,MIL,84
159,MIL,84
160,MIL,85
161,MIL,86
162,MIL,86
1,MIN,0
2,MIN,0
3,MIN,1
4,MIN,2
5,MIN,2
6,MIN,2
7,MIN,3
8,MIN,3
9,MIN,3
10,MIN,4
11,MIN,4
12,MIN,4
13,MIN,5
14,MIN,6
15,MIN,7
16,MIN,8
17,MIN,9
18,MIN,10
19,MIN,11
20,MIN,11
21,MIN,12
22,MIN,13
23,MIN,14
24,MIN,15
25,MIN,15
26,MIN,15
27,MIN,16
28,MIN,17
29,MIN,18
30,MIN,18
31,MIN,18
32,MIN,18
33,MIN,19
34,MIN,19
35,MIN,20
36,MIN,21
37,MIN,21
38,MIN,22
39,MIN,23
40,MIN,24
41,MIN,25
42,MIN,26
43,MIN,27
44,MIN,27
45,MIN,27
46,MIN,28
47,MIN,28
48,MIN,29
49,MIN,29
50,MIN,30
51,MIN,30
52,MIN,30
53,MIN,30
54,MIN,31
55,MIN,31
56,MIN,32
57,MIN,32
58,MIN,33
59,MIN,33
60,MIN,34
61,MIN,35
62,MIN,35
63,MIN,36
64,MIN,36
65,MIN,37
66,MIN,37
67,MIN,38
68,MIN,38
69,MIN,38
70,MIN,38
71,MIN,39
72,MIN,39
73,MIN,40
74,MIN,41
75,MIN,42
76,MIN,42
77,MIN,43
78,MIN,43
79,MIN,43
80,MIN,44
81,MIN,45
82,MIN,45
83,MIN,46
84,MIN,47
85,MIN,47
86,MIN,47
87,MIN,47
88,MIN,48
89,MIN,48
90,MIN,49
91,MIN,49
92,MIN,49
93,MIN,50
94,MIN,50
95,MIN,51
96,MIN,52
97,MIN,52
98,MIN,52
99,MIN,52
100,MIN,53
101,MIN,53
102,MIN,54
103,MIN,54
104,MIN,55
105,MIN,55
106,MIN,56
107,MIN,57
108,MIN,57
109,MIN,57
110,MIN,57
111,MIN,58
112,MIN,58
113,MIN,58
114,MIN,59
115,MIN,60
116,MIN,61
117,MIN,62
118,MIN,62
119,MIN,62
120,MIN,62
121,MIN,62
122,MIN,62
123,MIN,62
124,MIN,63
125,MIN,64
126,MIN,65
127,MIN,66
128,MIN,67
129,MIN,67
130,MIN,67
131,MIN,67
132,MIN,68
133,MIN,68
134,MIN,68
135,MIN,68
136,MIN,69
137,MIN,69
138,MIN,69
139,MIN,69
140,MIN,70
141,MIN,71
142,MIN,72
143,MIN,72
144,MIN,72
145,MIN,72
146,MIN,73
147,MIN,73
148,MIN,73
149,MIN,73
150,MIN,73
151,MIN,73
152,MIN,74
153,MIN,74
154,MIN,75
155,MIN,76
156,MIN,76
157,MIN,77
158,MIN,77
159,MIN,77
160,MIN,77
161,MIN,77
162,MIN,78
1,NYM,1
2,NYM,2
3,NYM,3
4,NYM,3
5,NYM,3
6,NYM,4
7,NYM,5
8,NYM,6
9,NYM,6
10,NYM,7
11,NYM,8
12,NYM,9
13,NYM,9
14,NYM,10
15,NYM,11
16,NYM,11
17,NYM,12
18,NYM,13
19,NYM,14
20,NYM,14
21,NYM,15
22,NYM,15
23,NYM,16
24,NYM,16
25,NYM,17
26,NYM,18
27,NYM,18
28,NYM,19
29,NYM,19
30,NYM,20
31,NYM,21
32,NYM,21
33,NYM,22
34,NYM,22
35,NYM,23
36,NYM,23
37,NYM,24
38,NYM,24
39,NYM,25
40,NYM,26
41,NYM,27
42,NYM,27
43,NYM,28
44,NYM,29
45,NYM,29
46,NYM,29
47,NYM,30
48,NYM,31
49,NYM,32
50,NYM,33
51,NYM,34
52,NYM,35
53,NYM,35
54,NYM,35
55,NYM,36
56,NYM,37
57,NYM,38
58,NYM,38
59,NYM,38
60,NYM,39
61,NYM,39
62,NYM,40
63,NYM,41
64,NYM,41
65,NYM,42
66,NYM,43
67,NYM,44
68,NYM,44
69,NYM,45
70,NYM,45
71,NYM,45
72,NYM,46
73,NYM,47
74,NYM,47
75,NYM,47
76,NYM,47
77,NYM,48
78,NYM,48
79,NYM,49
80,NYM,50
81,NYM,50
82,NYM,51
83,NYM,52
84,NYM,52
85,NYM,53
86,NYM,53
87,NYM,54
88,NYM,54
89,NYM,55
90,NYM,56
91,NYM,57
92,NYM,58
93,NYM,58
94,NYM,58
95,NYM,58
96,NYM,59
97,NYM,60
98,NYM,61
99,NYM,62
100,NYM,63
101,NYM,64
102,NYM,65
103,NYM,65
104,NYM,66
105,NYM,67
106,NYM,67
107,NYM,68
108,NYM,69
109,NYM,70
110,NYM,71
111,NYM,72
112,NYM,73
113,NYM,73
114,NYM,74
115,NYM,75
116,NYM,75
117,NYM,75
118,NYM,76
119,NYM,76
120,NYM,77
121,NYM,78
122,NYM,78
123,NYM,79
124,NYM,79
125,NYM,79
126,NYM,80
127,NYM,81
128,NYM,82
129,NYM,82
130,NYM,82
131,NYM,83
132,NYM,84
133,NYM,85
134,NYM,85
135,NYM,85
136,NYM,85
137,NYM,86
138,NYM,87
139,NYM,87
140,NYM,88
141,NYM,89
142,NYM,89
143,NYM,89
144,NYM,89
145,NYM,90
146,NYM,91
147,NYM,92
148,NYM,93
149,NYM,94
150,NYM,95
151,NYM,95
152,NYM,96
153,NYM,96
154,NYM,97
155,NYM,97
156,NYM,98
157,NYM,98
158,NYM,98
159,NYM,98
160,NYM,99
161,NYM,100
162,NYM,101
1,NYY,1
2,NYY,2
3,NYY,2
4,NYY,2
5,NYY,3
6,NYY,3
7,NYY,4
8,NYY,4
9,NYY,5
10,NYY,5
11,NYY,6
12,NYY,7
13,NYY,7
14,NYY,8
15,NYY,9
16,NYY,10
17,NYY,11
18,NYY,12
19,NYY,13
20,NYY,14
21,NYY,15
22,NYY,16
23,NYY,17
24,NYY,18
25,NYY,18
26,NYY,19
27,NYY,19
28,NYY,20
29,NYY,21
30,NYY,22
31,NYY,23
32,NYY,24
33,NYY,24
34,NYY,25
35,NYY,26
36,NYY,27
37,NYY,28
38,NYY,28
39,NYY,29
40,NYY,29
41,NYY,29
42,NYY,29
43,NYY,30
44,NYY,31
45,NYY,32
46,NYY,33
47,NYY,33
48,NYY,33
49,NYY,34
50,NYY,35
51,NYY,36
52,NYY,37
53,NYY,38
54,NYY,39
55,NYY,40
56,NYY,40
57,NYY,41
58,NYY,42
59,NYY,43
60,NYY,44
61,NYY,45
62,NYY,46
63,NYY,47
64,NYY,48
65,NYY,49
66,NYY,49
67,NYY,50
68,NYY,50
69,NYY,51
70,NYY,52
71,NYY,52
72,NYY,52
73,NYY,53
74,NYY,54
75,NYY,55
76,NYY,56
77,NYY,56
78,NYY,57
79,NYY,58
80,NYY,58
81,NYY,58
82,NYY,59
83,NYY,60
84,NYY,61
85,NYY,61
86,NYY,61
87,NYY,61
88,NYY,62
89,NYY,62
90,NYY,62
91,NYY,63
92,NYY,64
93,NYY,64
94,NYY,64
95,NYY,65
96,NYY,65
97,NYY,66
98,NYY,66
99,NYY,66
100,NYY,67
101,NYY,68
102,NYY,69
103,NYY,69
104,NYY,70
105,NYY,70
106,NYY,70
107,NYY,70
108,NYY,70
109,NYY,70
110,NYY,71
111,NYY,71
112,NYY,71
113,NYY,71
114,NYY,72
115,NYY,72
116,NYY,72
117,NYY,72
118,NYY,73
119,NYY,73
120,NYY,73
121,NYY,73
122,NYY,74
123,NYY,75
124,NYY,76
125,NYY,77
126,NYY,78
127,NYY,78
128,NYY,78
129,NYY,78
130,NYY,79
131,NYY,79
132,NYY,79
133,NYY,79
134,NYY,80
135,NYY,81
136,NYY,82
137,NYY,83
138,NYY,83
139,NYY,83
140,NYY,84
141,NYY,85
142,NYY,86
143,NYY,87
144,NYY,87
145,NYY,87
146,NYY,88
147,NYY,89
148,NYY,90
149,NYY,91
150,NYY,92
151,NYY,93
152,NYY,94
153,NYY,94
154,NYY,95
155,NYY,96
156,NYY,96
157,NYY,97
158,NYY,97
159,NYY,98
160,NYY,99
161,NYY,99
162,NYY,99
1,OAK,0
2,OAK,0
3,OAK,1
4,OAK,2
5,OAK,2
6,OAK,3
7,OAK,4
8,OAK,4
9,OAK,5
10,OAK,5
11,OAK,6
12,OAK,7
13,OAK,7
14,OAK,8
15,OAK,8
16,OAK,8
17,OAK,9
18,OAK,9
19,OAK,10
20,OAK,10
21,OAK,10
22,OAK,10
23,OAK,10
24,OAK,10
25,OAK,10
26,OAK,10
27,OAK,10
28,OAK,10
29,OAK,11
30,OAK,11
31,OAK,12
32,OAK,13
33,OAK,14
34,OAK,14
35,OAK,15
36,OAK,15
37,OAK,15
38,OAK,15
39,OAK,16
40,OAK,16
41,OAK,17
42,OAK,17
43,OAK,17
44,OAK,17
45,OAK,18
46,OAK,19
47,OAK,19
48,OAK,19
49,OAK,19
50,OAK,20
51,OAK,20
52,OAK,20
53,OAK,20
54,OAK,20
55,OAK,20
56,OAK,20
57,OAK,20
58,OAK,20
59,OAK,20
60,OAK,20
61,OAK,21
62,OAK,21
63,OAK,21
64,OAK,21
65,OAK,22
66,OAK,22
67,OAK,22
68,OAK,23
69,OAK,23
70,OAK,23
71,OAK,23
72,OAK,23
73,OAK,24
74,OAK,25
75,OAK,25
76,OAK,25
77,OAK,25
78,OAK,25
79,OAK,26
80,OAK,26
81,OAK,26
82,OAK,27
83,OAK,28
84,OAK,28
85,OAK,28
86,OAK,29
87,OAK,29
88,OAK,29
89,OAK,30
90,OAK,30
91,OAK,31
92,OAK,31
93,OAK,32
94,OAK,32
95,OAK,33
96,OAK,34
97,OAK,35
98,OAK,35
99,OAK,36
100,OAK,37
101,OAK,38
102,OAK,39
103,OAK,39
104,OAK,39
105,OAK,39
106,OAK,40
107,OAK,41
108,OAK,41
109,OAK,41
110,OAK,41
111,OAK,41
112,OAK,41
113,OAK,41
114,OAK,41
115,OAK,41
116,OAK,41
117,OAK,42
118,OAK,43
119,OAK,43
120,OAK,43
121,OAK,44
122,OAK,45
123,OAK,45
124,OAK,45
125,OAK,46
126,OAK,46
127,OAK,46
128,OAK,47
129,OAK,48
130,OAK,49
131,OAK,49
132,OAK,49
133,OAK,49
134,OAK,49
135,OAK,50
136,OAK,50
137,OAK,50
138,OAK,50
139,OAK,50
140,OAK,50
141,OAK,51
142,OAK,51
143,OAK,52
144,OAK,52
145,OAK,52
146,OAK,53
147,OAK,53
148,OAK,54
149,OAK,55
150,OAK,55
151,OAK,55
152,OAK,56
153,OAK,56
154,OAK,56
155,OAK,56
156,OAK,56
157,OAK,56
158,OAK,56
159,OAK,57
160,OAK,58
161,OAK,59
162,OAK,60
1,PHI,1
2,PHI,2
3,PHI,2
4,PHI,3
5,PHI,3
6,PHI,3
7,PHI,3
8,PHI,3
9,PHI,4
10,PHI,4
11,PHI,4
12,PHI,4
13,PHI,5
14,PHI,6
15,PHI,6
16,PHI,6
17,PHI,7
18,PHI,8
19,PHI,9
20,PHI,10
21,PHI,10
22,PHI,11
23,PHI,11
24,PHI,11
25,PHI,11
26,PHI,11
27,PHI,12
28,PHI,12
29,PHI,13
30,PHI,13
31,PHI,14
32,PHI,15
33,PHI,16
34,PHI,17
35,PHI,17
36,PHI,17
37,PHI,18
38,PHI,18
39,PHI,18
40,PHI,18
41,PHI,19
42,PHI,20
43,PHI,20
44,PHI,20
45,PHI,21
46,PHI,21
47,PHI,21
48,PHI,21
49,PHI,21
50,PHI,21
51,PHI,22
52,PHI,23
53,PHI,24
54,PHI,25
55,PHI,26
56,PHI,27
57,PHI,28
58,PHI,29
59,PHI,30
60,PHI,30
61,PHI,31
62,PHI,31
63,PHI,32
64,PHI,33
65,PHI,34
66,PHI,35
67,PHI,36
68,PHI,36
69,PHI,36
70,PHI,36
71,PHI,37
72,PHI,37
73,PHI,38
74,PHI,39
75,PHI,39
76,PHI,39
77,PHI,40
78,PHI,41
79,PHI,41
80,PHI,42
81,PHI,43
82,PHI,43
83,PHI,44
84,PHI,45
85,PHI,46
86,PHI,46
87,PHI,46
88,PHI,46
89,PHI,46
90,PHI,47
91,PHI,48
92,PHI,49
93,PHI,49
94,PHI,49
95,PHI,49
96,PHI,50
97,PHI,50
98,PHI,51
99,PHI,52
100,PHI,53
101,PHI,54
102,PHI,55
103,PHI,55
104,PHI,56
105,PHI,57
106,PHI,58
107,PHI,59
108,PHI,60
109,PHI,61
110,PHI,62
111,PHI,62
112,PHI,63
113,PHI,63
114,PHI,63
115,PHI,64
116,PHI,65
117,PHI,65
118,PHI,65
119,PHI,65
120,PHI,66
121,PHI,66
122,PHI,67
123,PHI,68
124,PHI,69
125,PHI,70
126,PHI,71
127,PHI,72
128,PHI,72
129,PHI,72
130,PHI,72
131,PHI,73
132,PHI,73
133,PHI,73
134,PHI,73
135,PHI,74
136,PHI,75
137,PHI,75
138,PHI,76
139,PHI,77
140,PHI,78
141,PHI,79
142,PHI,80
143,PHI,80
144,PHI,80
145,PHI,80
146,PHI,80
147,PHI,80
148,PHI,81
149,PHI,82
150,PHI,83
151,PHI,83
152,PHI,83
153,PHI,83
154,PHI,83
155,PHI,83
156,PHI,84
157,PHI,84
158,PHI,85
159,PHI,86
160,PHI,87
161,PHI,87
162,PHI,87
1,PIT,0
2,PIT,0
3,PIT,1
4,PIT,1
5,PIT,2
6,PIT,3
7,PIT,3
8,PIT,4
9,PIT,5
10,PIT,5
11,PIT,5
12,PIT,5
13,PIT,6
14,PIT,7
15,PIT,7
16,PIT,8
17,PIT,8
18,PIT,8
19,PIT,8
20,PIT,8
21,PIT,9
22,PIT,9
23,PIT,9
24,PIT,10
25,PIT,10
26,PIT,11
27,PIT,11
28,PIT,12
29,PIT,12
30,PIT,13
31,PIT,13
32,PIT,13
33,PIT,14
34,PIT,15
35,PIT,15
36,PIT,15
37,PIT,16
38,PIT,16
39,PIT,16
40,PIT,16
41,PIT,17
42,PIT,17
43,PIT,18
44,PIT,18
45,PIT,19
46,PIT,19
47,PIT,20
48,PIT,21
49,PIT,22
50,PIT,22
51,PIT,23
52,PIT,24
53,PIT,24
54,PIT,24
55,PIT,24
56,PIT,24
57,PIT,24
58,PIT,24
59,PIT,24
60,PIT,24
61,PIT,24
62,PIT,25
63,PIT,25
64,PIT,25
65,PIT,26
66,PIT,27
67,PIT,28
68,PIT,28
69,PIT,29
70,PIT,29
71,PIT,29
72,PIT,29
73,PIT,29
74,PIT,29
75,PIT,30
76,PIT,31
77,PIT,31
78,PIT,32
79,PIT,32
80,PIT,33
81,PIT,33
82,PIT,34
83,PIT,34
84,PIT,34
85,PIT,35
86,PIT,36
87,PIT,37
88,PIT,38
89,PIT,38
90,PIT,38
91,PIT,38
92,PIT,38
93,PIT,39
94,PIT,39
95,PIT,40
96,PIT,40
97,PIT,40
98,PIT,40
99,PIT,40
100,PIT,40
101,PIT,40
102,PIT,40
103,PIT,41
104,PIT,42
105,PIT,43
106,PIT,43
107,PIT,43
108,PIT,44
109,PIT,44
110,PIT,44
111,PIT,45
112,PIT,45
113,PIT,45
114,PIT,45
115,PIT,45
116,PIT,45
117,PIT,45
118,PIT,46
119,PIT,47
120,PIT,47
121,PIT,47
122,PIT,47
123,PIT,47
124,PIT,47
125,PIT,47
126,PIT,47
127,PIT,48
128,PIT,48
129,PIT,49
130,PIT,49
131,PIT,49
132,PIT,49
133,PIT,49
134,PIT,50
135,PIT,50
136,PIT,50
137,PIT,51
138,PIT,51
139,PIT,51
140,PIT,52
141,PIT,53
142,PIT,54
143,PIT,55
144,PIT,55
145,PIT,55
146,PIT,55
147,PIT,55
148,PIT,55
149,PIT,55
150,PIT,55
151,PIT,55
152,PIT,56
153,PIT,56
154,PIT,57
155,PIT,58
156,PIT,59
157,PIT,59
158,PIT,59
159,PIT,60
160,PIT,61
161,PIT,61
162,PIT,62
1,SDP,0
2,SDP,1
3,SDP,2
4,SDP,3
5,SDP,4
6,SDP,4
7,SDP,4
8,SDP,5
9,SDP,5
10,SDP,5
11,SDP,6
12,SDP,7
13,SDP,8
14,SDP,9
15,SDP,9
16,SDP,10
17,SDP,10
18,SDP,11
19,SDP,12
20,SDP,13
21,SDP,14
22,SDP,14
23,SDP,15
24,SDP,16
25,SDP,16
26,SDP,17
27,SDP,18
28,SDP,18
29,SDP,19
30,SDP,19
31,SDP,20
32,SDP,20
33,SDP,21
34,SDP,21
35,SDP,22
36,SDP,23
37,SDP,23
38,SDP,24
39,SDP,25
40,SDP,26
41,SDP,27
42,SDP,28
43,SDP,28
44,SDP,28
45,SDP,29
46,SDP,29
47,SDP,30
48,SDP,30
49,SDP,30
50,SDP,30
51,SDP,30
52,SDP,31
53,SDP,32
54,SDP,33
55,SDP,33
56,SDP,34
57,SDP,35
58,SDP,36
59,SDP,37
60,SDP,37
61,SDP,37
62,SDP,38
63,SDP,39
64,SDP,40
65,SDP,41
66,SDP,41
67,SDP,41
68,SDP,41
69,SDP,42
70,SDP,43
71,SDP,44
72,SDP,44
73,SDP,45
74,SDP,45
75,SDP,45
76,SDP,45
77,SDP,46
78,SDP,46
79,SDP,46
80,SDP,46
81,SDP,47
82,SDP,47
83,SDP,47
84,SDP,48
85,SDP,49
86,SDP,49
87,SDP,49
88,SDP,50
89,SDP,50
90,SDP,50
91,SDP,50
92,SDP,51
93,SDP,52
94,SDP,52
95,SDP,53
96,SDP,54
97,SDP,54
98,SDP,54
99,SDP,55
100,SDP,55
101,SDP,56
102,SDP,56
103,SDP,57
104,SDP,58
105,SDP,59
106,SDP,60
107,SDP,61
108,SDP,61
109,SDP,61
110,SDP,61
111,SDP,61
112,SDP,61
113,SDP,62
114,SDP,63
115,SDP,64
116,SDP,64
117,SDP,65
118,SDP,65
119,SDP,65
120,SDP,66
121,SDP,66
122,SDP,66
123,SDP,67
124,SDP,68
125,SDP,68
126,SDP,68
127,SDP,69
128,SDP,70
129,SDP,70
130,SDP,71
131,SDP,72
132,SDP,73
133,SDP,74
134,SDP,74
135,SDP,74
136,SDP,74
137,SDP,75
138,SDP,76
139,SDP,77
140,SDP,77
141,SDP,77
142,SDP,78
143,SDP,78
144,SDP,78
145,SDP,79
146,SDP,80
147,SDP,81
148,SDP,82
149,SDP,83
150,SDP,83
151,SDP,83
152,SDP,84
153,SDP,85
154,SDP,86
155,SDP,86
156,SDP,86
157,SDP,86
158,SDP,87
159,SDP,87
160,SDP,88
161,SDP,89
162,SDP,89
1,SEA,1
2,SEA,2
3,SEA,2
4,SEA,2
5,SEA,2
6,SEA,2
7,SEA,3
8,SEA,4
9,SEA,4
10,SEA,5
11,SEA,6
12,SEA,7
13,SEA,7
14,SEA,8
15,SEA,9
16,SEA,10
17,SEA,11
18,SEA,11
19,SEA,11
20,SEA,11
21,SEA,11
22,SEA,12
23,SEA,12
24,SEA,12
25,SEA,12
26,SEA,12
27,SEA,12
28,SEA,12
29,SEA,13
30,SEA,13
31,SEA,14
32,SEA,14
33,SEA,15
34,SEA,15
35,SEA,16
36,SEA,16
37,SEA,16
38,SEA,17
39,SEA,17
40,SEA,17
41,SEA,17
42,SEA,17
43,SEA,18
44,SEA,18
45,SEA,18
46,SEA,19
47,SEA,20
48,SEA,20
49,SEA,21
50,SEA,21
51,SEA,22
52,SEA,23
53,SEA,23
54,SEA,24
55,SEA,25
56,SEA,25
57,SEA,26
58,SEA,26
59,SEA,27
60,SEA,27
61,SEA,27
62,SEA,28
63,SEA,28
64,SEA,28
65,SEA,29
66,SEA,29
67,SEA,29
68,SEA,29
69,SEA,30
70,SEA,31
71,SEA,32
72,SEA,33
73,SEA,34
74,SEA,34
75,SEA,34
76,SEA,35
77,SEA,36
78,SEA,37
79,SEA,37
80,SEA,38
81,SEA,39
82,SEA,40
83,SEA,41
84,SEA,42
85,SEA,43
86,SEA,44
87,SEA,45
88,SEA,46
89,SEA,47
90,SEA,48
91,SEA,49
92,SEA,50
93,SEA,51
94,SEA,51
95,SEA,51
96,SEA,51
97,SEA,52
98,SEA,53
99,SEA,54
100,SEA,54
101,SEA,54
102,SEA,55
103,SEA,55
104,SEA,55
105,SEA,56
106,SEA,57
107,SEA,57
108,SEA,58
109,SEA,58
110,SEA,59
111,SEA,59
112,SEA,60
113,SEA,61
114,SEA,62
115,SEA,62
116,SEA,62
117,SEA,63
118,SEA,64
119,SEA,65
120,SEA,66
121,SEA,66
122,SEA,66
123,SEA,67
124,SEA,67
125,SEA,68
126,SEA,69
127,SEA,69
128,SEA,70
129,SEA,71
130,SEA,72
131,SEA,73
132,SEA,74
133,SEA,75
134,SEA,76
135,SEA,76
136,SEA,77
137,SEA,77
138,SEA,77
139,SEA,78
140,SEA,79
141,SEA,79
142,SEA,80
143,SEA,80
144,SEA,80
145,SEA,80
146,SEA,81
147,SEA,81
148,SEA,81
149,SEA,82
150,SEA,82
151,SEA,83
152,SEA,83
153,SEA,83
154,SEA,84
155,SEA,85
156,SEA,86
157,SEA,87
158,SEA,87
159,SEA,87
160,SEA,88
161,SEA,89
162,SEA,90
1,SFG,1
2,SFG,1
3,SFG,2
4,SFG,2
5,SFG,3
6,SFG,4
7,SFG,5
8,SFG,6
9,SFG,7
10,SFG,7
11,SFG,7
12,SFG,8
13,SFG,8
14,SFG,9
15,SFG,10
16,SFG,11
17,SFG,12
18,SFG,13
19,SFG,13
20,SFG,13
21,SFG,14
22,SFG,14
23,SFG,14
24,SFG,14
25,SFG,14
26,SFG,14
27,SFG,15
28,SFG,16
29,SFG,17
30,SFG,18
31,SFG,19
32,SFG,20
33,SFG,20
34,SFG,20
35,SFG,21
36,SFG,22
37,SFG,22
38,SFG,22
39,SFG,22
40,SFG,22
41,SFG,22
42,SFG,23
43,SFG,24
44,SFG,24
45,SFG,24
46,SFG,25
47,SFG,26
48,SFG,27
49,SFG,27
50,SFG,27
51,SFG,28
52,SFG,28
53,SFG,29
54,SFG,29
55,SFG,30
56,SFG,30
57,SFG,31
58,SFG,32
59,SFG,33
60,SFG,34
61,SFG,35
62,SFG,35
63,SFG,36
64,SFG,37
65,SFG,37
66,SFG,37
67,SFG,38
68,SFG,38
69,SFG,38
70,SFG,38
71,SFG,39
72,SFG,39
73,SFG,40
74,SFG,40
75,SFG,40
76,SFG,40
77,SFG,40
78,SFG,40
79,SFG,40
80,SFG,41
81,SFG,41
82,SFG,41
83,SFG,42
84,SFG,43
85,SFG,43
86,SFG,44
87,SFG,45
88,SFG,45
89,SFG,46
90,SFG,47
91,SFG,48
92,SFG,48
93,SFG,48
94,SFG,48
95,SFG,48
96,SFG,48
97,SFG,48
98,SFG,48
99,SFG,49
100,SFG,49
101,SFG,50
102,SFG,51
103,SFG,51
104,SFG,51
105,SFG,51
106,SFG,51
107,SFG,52
108,SFG,53
109,SFG,54
110,SFG,54
111,SFG,54
112,SFG,55
113,SFG,56
114,SFG,57
115,SFG,58
116,SFG,59
117,SFG,59
118,SFG,59
119,SFG,59
120,SFG,59
121,SFG,60
122,SFG,61
123,SFG,61
124,SFG,61
125,SFG,61
126,SFG,61
127,SFG,61
128,SFG,61
129,SFG,61
130,SFG,62
131,SFG,63
132,SFG,64
133,SFG,65
134,SFG,65
135,SFG,65
136,SFG,65
137,SFG,65
138,SFG,65
139,SFG,66
140,SFG,67
141,SFG,68
142,SFG,68
143,SFG,69
144,SFG,69
145,SFG,69
146,SFG,69
147,SFG,70
148,SFG,71
149,SFG,72
150,SFG,73
151,SFG,74
152,SFG,74
153,SFG,75
154,SFG,76
155,SFG,77
156,SFG,78
157,SFG,79
158,SFG,79
159,SFG,80
160,SFG,80
161,SFG,80
162,SFG,81
1,STL,1
2,STL,2
3,STL,2
4,STL,3
5,STL,3
6,STL,4
7,STL,5
8,STL,5
9,STL,6
10,STL,7
11,STL,7
12,STL,8
13,STL,9
14,STL,9
15,STL,9
16,STL,9
17,STL,10
18,STL,11
19,STL,11
20,STL,11
21,STL,12
22,STL,13
23,STL,13
24,STL,14
25,STL,15
26,STL,16
27,STL,16
28,STL,16
29,STL,16
30,STL,17
31,STL,17
32,STL,17
33,STL,18
34,STL,19
35,STL,19
36,STL,20
37,STL,20
38,STL,20
39,STL,21
40,STL,22
41,STL,23
42,STL,24
43,STL,24
44,STL,24
45,STL,25
46,STL,26
47,STL,26
48,STL,27
49,STL,28
50,STL,29
51,STL,29
52,STL,30
53,STL,30
54,STL,31
55,STL,32
56,STL,32
57,STL,32
58,STL,32
59,STL,33
60,STL,34
61,STL,34
62,STL,35
63,STL,36
64,STL,37
65,STL,37
66,STL,37
67,STL,38
68,STL,38
69,STL,38
70,STL,39
71,STL,40
72,STL,40
73,STL,40
74,STL,41
75,STL,41
76,STL,42
77,STL,43
78,STL,43
79,STL,43
80,STL,44
81,STL,44
82,STL,44
83,STL,44
84,STL,44
85,STL,45
86,STL,45
87,STL,45
88,STL,46
89,STL,47
90,STL,48
91,STL,48
92,STL,48
93,STL,49
94,STL,50
95,STL,50
96,STL,51
97,STL,51
98,STL,51
99,STL,52
100,STL,53
101,STL,53
102,STL,54
103,STL,55
104,STL,56
105,STL,57
106,STL,58
107,STL,59
108,STL,60
109,STL,60
110,STL,61
111,STL,61
112,STL,62
113,STL,62
114,STL,63
115,STL,64
116,STL,65
117,STL,66
118,STL,67
119,STL,68
120,STL,69
121,STL,70
122,STL,70
123,STL,71
124,STL,71
125,STL,72
126,STL,72
127,STL,73
128,STL,74
129,STL,75
130,STL,75
131,STL,76
132,STL,77
133,STL,78
134,STL,79
135,STL,79
136,STL,80
137,STL,81
138,STL,81
139,STL,81
140,STL,82
141,STL,83
142,STL,83
143,STL,84
144,STL,84
145,STL,85
146,STL,86
147,STL,87
148,STL,87
149,STL,87
150,STL,87
151,STL,88
152,STL,89
153,STL,89
154,STL,89
155,STL,90
156,STL,90
157,STL,91
158,STL,92
159,STL,92
160,STL,92
161,STL,93
162,STL,93
1,TBR,1
2,TBR,2
3,TBR,3
4,TBR,3
5,TBR,4
6,TBR,4
7,TBR,4
8,TBR,4
9,TBR,4
10,TBR,5
11,TBR,5
12,TBR,6
13,TBR,7
14,TBR,7
15,TBR,8
16,TBR,9
17,TBR,9
18,TBR,10
19,TBR,11
20,TBR,12
21,TBR,12
22,TBR,12
23,TBR,13
24,TBR,14
25,TBR,15
26,TBR,16
27,TBR,17
28,TBR,18
29,TBR,18
30,TBR,18
31,TBR,18
32,TBR,19
33,TBR,20
34,TBR,20
35,TBR,21
36,TBR,21
37,TBR,22
38,TBR,23
39,TBR,23
40,TBR,24
41,TBR,24
42,TBR,25
43,TBR,26
44,TBR,26
45,TBR,26
46,TBR,27
47,TBR,28
48,TBR,28
49,TBR,28
50,TBR,29
51,TBR,30
52,TBR,31
53,TBR,31
54,TBR,31
55,TBR,32
56,TBR,33
57,TBR,34
58,TBR,34
59,TBR,34
60,TBR,35
61,TBR,35
62,TBR,35
63,TBR,35
64,TBR,35
65,TBR,36
66,TBR,36
67,TBR,36
68,TBR,37
69,TBR,37
70,TBR,38
71,TBR,39
72,TBR,40
73,TBR,40
74,TBR,40
75,TBR,40
76,TBR,40
77,TBR,41
78,TBR,42
79,TBR,43
80,TBR,43
81,TBR,44
82,TBR,45
83,TBR,45
84,TBR,45
85,TBR,45
86,TBR,46
87,TBR,47
88,TBR,48
89,TBR,49
90,TBR,50
91,TBR,50
92,TBR,51
93,TBR,52
94,TBR,52
95,TBR,52
96,TBR,52
97,TBR,52
98,TBR,53
99,TBR,53
100,TBR,53
101,TBR,54
102,TBR,54
103,TBR,54
104,TBR,55
105,TBR,56
106,TBR,57
107,TBR,57
108,TBR,58
109,TBR,58
110,TBR,58
111,TBR,58
112,TBR,59
113,TBR,60
114,TBR,61
115,TBR,62
116,TBR,62
117,TBR,63
118,TBR,63
119,TBR,64
120,TBR,65
121,TBR,66
122,TBR,67
123,TBR,68
124,TBR,69
125,TBR,69
126,TBR,69
127,TBR,70
128,TBR,71
129,TBR,72
130,TBR,73
131,TBR,74
132,TBR,74
133,TBR,75
134,TBR,76
135,TBR,77
136,TBR,78
137,TBR,78
138,TBR,78
139,TBR,78
140,TBR,79
141,TBR,79
142,TBR,79
143,TBR,80
144,TBR,80
145,TBR,81
146,TBR,82
147,TBR,82
148,TBR,82
149,TBR,82
150,TBR,83
151,TBR,84
152,TBR,84
153,TBR,84
154,TBR,85
155,TBR,85
156,TBR,85
157,TBR,86
158,TBR,86
159,TBR,86
160,TBR,86
161,TBR,86
162,TBR,86
1,TEX,0
2,TEX,0
3,TEX,1
4,TEX,1
5,TEX,1
6,TEX,2
7,TEX,2
8,TEX,2
9,TEX,2
10,TEX,2
11,TEX,2
12,TEX,3
13,TEX,4
14,TEX,5
15,TEX,5
16,TEX,6
17,TEX,6
18,TEX,6
19,TEX,6
20,TEX,6
21,TEX,7
22,TEX,8
23,TEX,9
24,TEX,10
25,TEX,10
26,TEX,11
27,TEX,11
28,TEX,12
29,TEX,12
30,TEX,13
31,TEX,13
32,TEX,13
33,TEX,14
34,TEX,15
35,TEX,16
36,TEX,17
37,TEX,17
38,TEX,18
39,TEX,18
40,TEX,18
41,TEX,18
42,TEX,19
43,TEX,20
44,TEX,21
45,TEX,22
46,TEX,22
47,TEX,23
48,TEX,24
49,TEX,24
50,TEX,24
51,TEX,24
52,TEX,25
53,TEX,25
54,TEX,25
55,TEX,26
56,TEX,26
57,TEX,26
58,TEX,27
59,TEX,28
60,TEX,29
61,TEX,29
62,TEX,29
63,TEX,30
64,TEX,31
65,TEX,31
66,TEX,31
67,TEX,32
68,TEX,33
69,TEX,33
70,TEX,34
71,TEX,34
72,TEX,35
73,TEX,36
74,TEX,36
75,TEX,36
76,TEX,37
77,TEX,37
78,TEX,37
79,TEX,37
80,TEX,37
81,TEX,38
82,TEX,39
83,TEX,39
84,TEX,40
85,TEX,40
86,TEX,41
87,TEX,41
88,TEX,41
89,TEX,41
90,TEX,41
91,TEX,42
92,TEX,42
93,TEX,42
94,TEX,43
95,TEX,43
96,TEX,43
97,TEX,43
98,TEX,44
99,TEX,45
100,TEX,45
101,TEX,46
102,TEX,46
103,TEX,46
104,TEX,46
105,TEX,47
106,TEX,47
107,TEX,48
108,TEX,48
109,TEX,48
110,TEX,49
111,TEX,49
112,TEX,49
113,TEX,50
114,TEX,51
115,TEX,52
116,TEX,52
117,TEX,52
118,TEX,53
119,TEX,53
120,TEX,54
121,TEX,55
122,TEX,56
123,TEX,56
124,TEX,57
125,TEX,58
126,TEX,58
127,TEX,58
128,TEX,58
129,TEX,58
130,TEX,58
131,TEX,58
132,TEX,58
133,TEX,58
134,TEX,58
135,TEX,59
136,TEX,59
137,TEX,59
138,TEX,59
139,TEX,60
140,TEX,61
141,TEX,61
142,TEX,62
143,TEX,62
144,TEX,63
145,TEX,63
146,TEX,63
147,TEX,63
148,TEX,64
149,TEX,65
150,TEX,65
151,TEX,65
152,TEX,65
153,TEX,66
154,TEX,66
155,TEX,66
156,TEX,66
157,TEX,66
158,TEX,66
159,TEX,66
160,TEX,66
161,TEX,67
162,TEX,68
1,TOR,1
2,TOR,3
3,TOR,3
4,TOR,4
5,TOR,4
6,TOR,5
7,TOR,5
8,TOR,6
9,TOR,6
10,TOR,7
11,TOR,7
12,TOR,8
13,TOR,9
14,TOR,10
15,TOR,11
16,TOR,11
17,TOR,12
18,TOR,13
19,TOR,13
20,TOR,14
21,TOR,14
22,TOR,15
23,TOR,16
24,TOR,16
25,TOR,16
26,TOR,17
27,TOR,17
28,TOR,18
29,TOR,18
30,TOR,18
31,TOR,18
32,TOR,18
33,TOR,18
34,TOR,19
35,TOR,19
36,TOR,20
37,TOR,21
38,TOR,21
39,TOR,22
40,TOR,23
41,TOR,23
42,TOR,23
43,TOR,24
44,TOR,25
45,TOR,26
46,TOR,27
47,TOR,28
48,TOR,29
49,TOR,30
50,TOR,31
51,TOR,31
52,TOR,32
53,TOR,32
54,TOR,33
55,TOR,34
56,TOR,34
57,TOR,35
58,TOR,35
59,TOR,36
60,TOR,37
61,TOR,37
62,TOR,38
63,TOR,38
64,TOR,38
65,TOR,38
66,TOR,39
67,TOR,39
68,TOR,39
69,TOR,40
70,TOR,41
71,TOR,41
72,TOR,41
73,TOR,42
74,TOR,43
75,TOR,43
76,TOR,44
77,TOR,45
78,TOR,45
79,TOR,45
80,TOR,45
81,TOR,45
82,TOR,45
83,TOR,46
84,TOR,46
85,TOR,46
86,TOR,46
87,TOR,46
88,TOR,47
89,TOR,48
90,TOR,48
91,TOR,49
92,TOR,50
93,TOR,51
94,TOR,52
95,TOR,53
96,TOR,54
97,TOR,55
98,TOR,55
99,TOR,56
100,TOR,56
101,TOR,57
102,TOR,58
103,TOR,59
104,TOR,59
105,TOR,60
106,TOR,60
107,TOR,60
108,TOR,61
109,TOR,61
110,TOR,61
111,TOR,61
112,TOR,62
113,TOR,62
114,TOR,62
115,TOR,62
116,TOR,63
117,TOR,64
118,TOR,65
119,TOR,66
120,TOR,66
121,TOR,67
122,TOR,68
123,TOR,69
124,TOR,69
125,TOR,69
126,TOR,69
127,TOR,70
128,TOR,71
129,TOR,71
130,TOR,72
131,TOR,73
132,TOR,74
133,TOR,75
134,TOR,76
135,TOR,76
136,TOR,77
137,TOR,78
138,TOR,79
139,TOR,79
140,TOR,80
141,TOR,80
142,TOR,81
143,TOR,82
144,TOR,82
145,TOR,83
146,TOR,84
147,TOR,84
148,TOR,85
149,TOR,85
150,TOR,85
151,TOR,85
152,TOR,86
153,TOR,87
154,TOR,88
155,TOR,88
156,TOR,88
157,TOR,89
158,TOR,90
159,TOR,91
160,TOR,92
161,TOR,92
162,TOR,93
1,WSN,0
2,WSN,0
3,WSN,0
4,WSN,1
5,WSN,2
6,WSN,2
7,WSN,3
8,WSN,3
9,WSN,4
10,WSN,4
11,WSN,4
12,WSN,5
13,WSN,6
14,WSN,6
15,WSN,6
16,WSN,6
17,WSN,6
18,WSN,6
19,WSN,6
20,WSN,6
21,WSN,6
22,WSN,7
23,WSN,7
24,WSN,8
25,WSN,9
26,WSN,9
27,WSN,9
28,WSN,9
29,WSN,10
30,WSN,10
31,WSN,10
32,WSN,11
33,WSN,11
34,WSN,11
35,WSN,12
36,WSN,12
37,WSN,12
38,WSN,12
39,WSN,13
40,WSN,13
41,WSN,13
42,WSN,14
43,WSN,14
44,WSN,14
45,WSN,15
46,WSN,16
47,WSN,17
48,WSN,17
49,WSN,18
50,WSN,18
51,WSN,18
52,WSN,18
53,WSN,18
54,WSN,19
55,WSN,20
56,WSN,21
57,WSN,21
58,WSN,21
59,WSN,21
60,WSN,22
61,WSN,23
62,WSN,23
63,WSN,23
64,WSN,23
65,WSN,23
66,WSN,23
67,WSN,23
68,WSN,23
69,WSN,23
70,WSN,24
71,WSN,25
72,WSN,25
73,WSN,26
74,WSN,26
75,WSN,27
76,WSN,28
77,WSN,29
78,WSN,29
79,WSN,29
80,WSN,29
81,WSN,29
82,WSN,29
83,WSN,29
84,WSN,30
85,WSN,30
86,WSN,30
87,WSN,30
88,WSN,30
89,WSN,30
90,WSN,30
91,WSN,30
92,WSN,30
93,WSN,30
94,WSN,31
95,WSN,31
96,WSN,31
97,WSN,32
98,WSN,33
99,WSN,34
100,WSN,34
101,WSN,34
102,WSN,35
103,WSN,35
104,WSN,35
105,WSN,36
106,WSN,36
107,WSN,36
108,WSN,36
109,WSN,36
110,WSN,36
111,WSN,36
112,WSN,37
113,WSN,37
114,WSN,37
115,WSN,38
116,WSN,38
117,WSN,39
118,WSN,39
119,WSN,39
120,WSN,40
121,WSN,41
122,WSN,41
123,WSN,41
124,WSN,41
125,WSN,42
126,WSN,42
127,WSN,42
128,WSN,43
129,WSN,43
130,WSN,44
131,WSN,45
132,WSN,45
133,WSN,46
134,WSN,47
135,WSN,48
136,WSN,48
137,WSN,48
138,WSN,49
139,WSN,49
140,WSN,49
141,WSN,49
142,WSN,49
143,WSN,49
144,WSN,50
145,WSN,51
146,WSN,51
147,WSN,51
148,WSN,51
149,WSN,52
150,WSN,52
151,WSN,52
152,WSN,53
153,WSN,53
154,WSN,53
155,WSN,54
156,WSN,54
157,WSN,55
158,WSN,55
159,WSN,55
160,WSN,55
161,WSN,55
162,WSN,55